facility_id,facility_state,facility_zip3,dhc_idn_parent
820739,MN,553,HealthPartners
AQ3435,CA,927,
TX0512,TX,763,
AY6663,NC,271,
763129,IL,610,
739214,CO,805,Banner Health
759254,FL,321,AdventHealth (FKA Adventist Health System)
644411,OH,440,University Hospitals Health System
AQ2490,VA,243,
AB4061,NC,284,
788511,LA,705,LHC Group
635761,TX,760,
OR2005,OR,974,PeaceHealth
NE2032,NE,684,
760284,IL,606,
610783,WA,981,
837160,IL,601,
AQ9394,TX,755,
WA2042,WA,988,
TX0469,TX,783,
CA2675,CA,941,University of California Health (AKA UC Health-CA)
AY4291,IL,605,
AX6380,NH,034,
AC2107,CA,954,
647237,CA,932,
AA9671,GA,316,Acadia Healthcare
758825,KY,402,UofL Health
NY2208,NY,117,
610989,VA,230,
642017,PR,680,
NY5019,NY,104,
LA0105,LA,700,Louisiana Childrens Medical Center Health System (AKA LCMC Health)
AP9447,FL,335,
BA0899,PA,183,Jefferson Health
AQ3658,AZ,853,
611580,FL,327,
BA8094,IA,500,
BD3564,IN,462,
WA2037,WA,993,
640887,FL,337,
828082,MI,483,
IA2039,IA,513,
MA2170,MA,120,Berkshire Health Systems
611846,TN,371,
729607,TX,794,
806799,CO,801,
AV3896,LA,712,
798001,VA,201,
711283,NM,884,
658412,NC,280,Advocate Health
TX0087,TX,778,CommonSpirit Health
847686,PA,182,
NM2003,NM,884,
NY5035,NY,111,
630397,NY,114,NYC Health and Hospitals (FKA New York City Health and Hospitals Corporation)
799963,PA,152,University of Pittsburgh Medical Center (AKA UPMC)
653659,WY,820,
NE2013,NE,693,
752368,FL,334,
AP9543,FL,344,
WA2022,WA,991,
BA2002,NJ,744,
OH2001,OH,443,
742601,MN,554,
AB2898,TN,374,
AH3449,IA,511,
761055,WY,826,Banner Health
729578,CO,809,
AT2039,CO,801,AdventHealth (FKA Adventist Health System)
AZ2084,AZ,850,Banner Health
IA2184,IA,511,UnityPoint Health (FKA Iowa Health System)
AD9943,FL,323,
FL0045,FL,346,
823599,MI,484,
711506,MD,212,
827637,ID,836,
AY7540,NC,288,
686753,CO,804,
806341,KS,660,AdventHealth (FKA Adventist Health System)
675990,FL,322,
790398,TX,782,
AR0124,NY,112,
746326,ND,580,
TX2502,TX,750,Texas Health Resources
765799,TX,773,
834142,TX,752,
AJ0367,WI,546,
VA0084,VA,241,
650699,CA,954,University of California Health (AKA UC Health-CA)
AQ5906,MA,018,
NM2067,NM,882,
AE0982,CA,941,
603254,OK,730,
WV0040,WV,257,Marshall Health Network (FKA Mountain Health Network)
641840,KY,402,
611010,OH,449,
AJ3772,TX,787,
NY2488,NY,120,
GA0095,GA,307,CommonSpirit Health
608517,TX,779,
846170,FL,333,
759589,IL,614,
FL0161,FL,331,
AU5372,GA,310,
673909,MI,487,
743163,OK,739,
600041,KS,665,
FL0261,FL,336,
NE2447,NE,685,CommonSpirit Health
816844,CT,060,
682421,OH,442,
753897,IN,478,
729621,TX,782,
740623,AZ,852,
NC0087,NC,272,Advocate Health
763778,WI,540,HealthPartners
AH8333,FL,342,
WI2017,WI,548,
680653,WA,982,
757853,MS,391,
729585,MN,554,
CA2017,CA,928,
BA2924,NJ,772,
KY0215,KY,421,Med Center Health (FKA Commonwealth Health Corporation)
630393,NY,112,NYC Health and Hospitals (FKA New York City Health and Hospitals Corporation)
834809,PA,173,University of Pittsburgh Medical Center (AKA UPMC)
AI8167,GA,300,
KY0111,KY,420,Baptist Health (Louisville KY)
AF1487,IL,604,Northwestern Medicine (AKA Northwestern Memorial Healthcare)
AF1598,FL,334,
MN2027,MN,566,CommonSpirit Health
844517,NY,113,
657482,OH,458,
PA2586,PA,191,Jefferson Health
AU9472,KY,405,
693355,PA,183,
671532,CA,949,
AV4027,NC,286,
780206,MO,631,
BA4245,VA,239,
759776,IL,617,
AW1939,TX,799,
603813,OH,436,
600816,MI,480,
757157,NV,891,
AO1663,LA,713,
716794,SD,575,
757689,AZ,857,
AB1927,WA,983,
611221,TX,756,
AB3742,FL,342,
WA2031,WA,985,
781393,PA,194,Jefferson Health
673290,TX,785,
612184,SC,293,
689833,KY,402,
732166,TX,760,
MA5009,MA,213,Boston Medical Center (FKA Boston Medical Center Corporation)
657100,NV,891,
729631,TX,757,
801372,OH,456,
AW9220,CO,802,
SD2320,SD,571,
648355,NC,285,
695388,AR,729,
718354,IL,606,
655094,PR,959,
AV6445,NY,132,
625883,AZ,850,
AJ3576,MS,394,
WI2196,WI,531,
NY5043,NY,142,
OH2243,OH,445,Bon Secours Mercy Health
610384,TX,787,
AY7346,NC,274,
FL0046,FL,327,AdventHealth (FKA Adventist Health System)
777433,FL,324,
FL2221,FL,331,Baptist Health South Florida
KY0081,KY,402,
620915,PA,187,
CA2247,CA,934,CommonSpirit Health
620402,NY,112,
674291,TX,750,
BA1390,PA,170,
OH2025,OH,458,Bon Secours Mercy Health
677449,IA,507,
AT8705,NY,112,
601051,ME,440,Covenant Health (MA)
630398,NY,112,NYC Health and Hospitals (FKA New York City Health and Hospitals Corporation)
IN2004,IN,471,
742134,IL,614,
721167,TX,785,Universal Health Services
AO0290,VA,236,
TX0027,TX,795,
NY2159,NY,104,
IA2059,IA,505,UnityPoint Health (FKA Iowa Health System)
630983,NY,105,Northwell Health (AKA North Shore Long Island Jewish Health System)
SD2191,SD,570,
WA2013,WA,982,PeaceHealth
658397,AZ,851,Banner Health
CO2073,CO,810,CommonSpirit Health
729594,HI,968,
680664,TN,371,
AM2695,TX,785,
AN7720,NC,274,
706482,CO,816,
659495,NC,284,Advocate Health
AT9952,TX,766,
728082,FL,335,
AB0839,FL,333,
729556,NY,115,
NE2023,NE,693,
671004,FL,335,
TN0203,TN,381,
NY2017,NY,104,Montefiore Health System (AKA Montefiore Medical Center - Health System)
759590,IL,613,
IL2191,IL,605,UChicago Medicine (FKA University of Chicago Medicine)
760134,IL,616,
616865,NE,681,CommonSpirit Health
MI2061,MI,488,
721320,LA,711,Universal Health Services
631862,NY,141,
658409,NC,282,Advocate Health
VA0001,VA,240,
NY2002,NY,104,Montefiore Health System (AKA Montefiore Medical Center - Health System)
WA2012,WA,986,PeaceHealth
BB3095,MS,392,
AB1441,KY,405,
TX0134,TX,752,
640517,FL,322,
634967,SC,296,
622814,OR,978,
835019,LA,707,
678063,CA,922,University of California Health (AKA UC Health-CA)
728267,WV,260,WVU Medicine (AKA West Virginia University Health System)
621563,MS,392,
819615,NC,275,
634830,SD,571,
NE2025,NE,683,
BD4771,TX,774,
AV3781,NY,112,
804335,TX,782,
695698,TN,374,
GA0106,GA,312,Advocate Health
FL9120,FL,331,Baptist Health South Florida
775185,AZ,857,
789828,NC,278,
841484,GA,312,
601044,NE,680,
603138,IA,510,
AB9778,KS,677,CommonSpirit Health
737781,SC,294,
711112,NC,271,
AB2609,CO,813,
TX0418,TX,785,Prime Healthcare Services
NY2394,NY,146,Rochester Regional Health System
655508,NY,136,Rochester Regional Health System
650693,MA,211,Tufts Medicine (FKA Wellforce)
611753,OK,740,
AV7615,TX,750,
611573,PA,156,
AE0026,MA,017,
AQ1449,TX,770,
821835,PA,152,
621911,SC,293,
610693,AL,366,
AO1360,GA,303,
834143,NC,275,
736246,TX,778,CommonSpirit Health
CA2655,CA,930,CommonSpirit Health
PA2007,PA,165,LECOM Health (AKA Millcreek Community Hospital)
721179,NV,891,Universal Health Services
751183,NY,130,
SC0061,SC,296,Prisma Health (FKA SC Health Company)
MN2018,MN,557,
661504,OH,443,
IL2386,IL,606,Northwestern Medicine (AKA Northwestern Memorial Healthcare)
PA2002,PA,167,University of Pittsburgh Medical Center (AKA UPMC)
733163,NY,114,
653663,OK,741,
CA0038,CA,922,
804250,AR,719,LHC Group
IL2018,IL,613,
639025,PA,178,
738874,SC,296,
AO4609,MO,640,
776447,NJ,074,
AQ1701,OH,433,
622409,NY,127,
PA2237,PA,180,Jefferson Health
FL2058,FL,330,
WA2038,WA,980,MultiCare Health System
AQ3173,FL,321,
643820,AL,365,
AM8472,TX,782,
AQ2485,TX,782,
AE8992,CA,911,
AV2454,PA,160,
781653,IL,616,
MD2213,MD,212,
NY5064,NY,115,Northwell Health (AKA North Shore Long Island Jewish Health System)
729619,PA,156,
AA8325,CO,801,
CA2021,CA,900,CommonSpirit Health
743765,NY,115,
795693,FL,347,
BA8262,MS,391,
AH2869,IA,522,
MO2050,MO,644,
AE2961,CA,932,American Advanced Management Inc (FKA American Specialty Healthcare)
746187,AZ,857,Banner Health
711430,NY,144,
AQ1349,CT,060,
600431,WI,534,
834739,LA,706,
NY2059,NY,100,
603563,LA,705,
AF0572,CA,900,
636388,OH,451,
610567,MI,483,
AP7655,NJ,088,
BC8370,MD,216,
AQ5919,CA,947,
BA8099,CA,956,
AK2002,AK,999,PeaceHealth
WI2166,WI,532,
711898,OK,741,
630782,PR,683,
TN0200,TN,373,CommonSpirit Health
MD0067,MD,207,
IN2002,IN,464,
AX1418,VA,225,
CA2673,CA,958,CommonSpirit Health
NC0175,NC,276,
670584,VA,234,
LA0161,LA,712,
622838,WA,982,
821541,PA,152,University of Pittsburgh Medical Center (AKA UPMC)
AV7772,NY,132,
612046,CA,917,
AQ2551,TX,782,
AY9070,NY,112,
721168,TX,791,Universal Health Services
607037,TN,379,Community Health Systems (AKA CHS)
AQ0323,GA,306,
AQ1123,IN,461,
AD7382,TX,752,
WY2001,WY,822,Banner Health
610220,MI,497,
836372,FL,339,
CA0007,CA,952,CommonSpirit Health
610664,CA,906,
BA2909,NJ,784,
771344,IL,601,
698172,NC,275,
AM0995,MO,640,
AF9549,NC,282,
621815,MN,554,
634796,OK,730,
AA6010,PA,193,
739340,TX,752,
742093,TX,770,CommonSpirit Health
AM3561,SC,296,
679619,WY,824,Billings Clinic-Logan Health (AKA Billings Clinic and Logan Health)
AP8113,VA,220,
776511,TX,770,
816118,AZ,852,
WA2040,WA,991,
TX2413,TX,759,CommonSpirit Health
729616,AZ,850,
779027,VA,238,
AF5158,GA,398,
650687,DE,198,
NY5060,NY,142,
CA2249,CA,936,Adventist Health (AKA Adventist Health System/West)
682983,PA,157,
702754,FL,328,
WA2009,WA,986,PeaceHealth
AY9058,PA,194,
AP0418,TN,381,
AJ6385,CO,807,CommonSpirit Health
728527,CA,930,
BD5750,CA,930,
AB2071,KY,405,
AI6913,SC,296,Prisma Health (FKA SC Health Company)
768344,OK,737,
AQ2817,CA,925,
AA6916,FL,334,
TX0420,TX,797,
CA2683,CA,956,CommonSpirit Health
712580,FL,329,
611932,NY,118,
768960,VA,221,
AU5273,NY,135,
640573,NY,103,
751134,WI,547,
WV0042,WV,267,WVU Medicine (AKA West Virginia University Health System)
AQ0400,IN,461,
AQ6168,TX,750,
SD2190,SD,570,
AZ2078,AZ,852,Banner Health
714817,NC,278,
PA2021,PA,180,St Lukes University Health Network
824068,AZ,850,
841475,GA,310,Advocate Health
623270,TX,750,Texas Health Resources
793709,MN,554,
AQ9953,NE,687,
709151,IL,617,Carle Health System
NJ2006,NJ,701,
AT2415,UT,840,CommonSpirit Health
KY0080,KY,402,UofL Health
711395,NY,144,
AQ2650,NC,275,
673065,IN,464,
WI2246,WI,531,
793034,NC,272,
799195,FL,334,
AJ0449,FL,325,
AR0004,AR,718,
721206,CA,925,Universal Health Services
CA2581,CA,959,
AH9033,PA,180,Jefferson Health
CA2037,CA,953,Adventist Health (AKA Adventist Health System/West)
VA0050,VA,244,
IA2173,IA,513,
644409,OH,440,University Hospitals Health System
SC2005,SC,293,Prisma Health (FKA SC Health Company)
734539,NY,112,
744164,NY,104,
BD7855,SC,295,
794901,NC,284,
790196,PA,175,
623223,MN,562,
768791,FL,344,
757155,NV,890,
759536,AZ,850,
NJ2004,NJ,773,Hackensack Meridian Health
AF6753,TX,750,
657290,KS,674,
AB3167,TX,770,
737614,MI,494,
762116,FL,338,
711762,OH,452,Bon Secours Mercy Health
607357,NY,125,
NC0084,NC,278,
663418,MS,393,
609020,NC,281,
NY2047,NY,145,University of Rochester Medical Center (AKA UR Medicine)
GA2038,GA,314,
610657,MD,210,
729639,NM,871,
698171,KY,402,
AE5891,OK,741,
FL0408,FL,327,AdventHealth (FKA Adventist Health System)
613609,AZ,850,Banner Health
741575,AZ,852,HonorHealth (FKA Scottsdale Lincoln Health Network)
PA5036,PA,191,Jefferson Health
PA2053,PA,164,LECOM Health (AKA Millcreek Community Hospital)
AQ2369,MI,481,
MN5050,MN,554,M Health Fairview (FKA Fairview Health Services)
710680,NY,112,
610368,NV,895,
670700,VA,231,
AX8527,TX,791,American Advanced Management Inc (FKA American Specialty Healthcare)
CA2705,CA,960,CommonSpirit Health
742719,AR,716,
637314,NC,288,
LA0120,LA,705,
843508,IL,606,
803856,VA,229,UVA Health System (AKA University of Virginia Health System)
WV0012,WV,262,WVU Medicine (AKA West Virginia University Health System)
808405,NC,278,
TX0270,TX,779,
FL0283,FL,338,
TX2003,TX,761,Texas Health Resources
IA2010,IA,503,UnityPoint Health (FKA Iowa Health System)
758809,KY,402,UofL Health
AE8302,PA,180,
782656,AZ,850,
VA0644,VA,233,
799196,FL,334,Baptist Health South Florida
816278,NM,875,
786682,OH,451,
LA0886,LA,703,
644415,OH,441,University Hospitals Health System
AQ8271,FL,326,
AQ2295,NC,274,
644524,OH,440,
AY6682,NC,274,
WV0022,WV,262,Vandalia Health
631298,NY,106,Montefiore Health System (AKA Montefiore Medical Center - Health System)
721172,NV,891,Universal Health Services
755982,IA,527,UnityPoint Health (FKA Iowa Health System)
751210,NY,144,
825653,PA,161,
MA2012,MA,130,
769864,FL,328,
794718,CO,800,
635184,NY,106,
WI2109,WI,542,
NY5110,NY,119,SUNY Health (FKA SUNY Health Sciences Centers)
792231,OR,977,
669170,MA,015,
752422,WA,992,
679618,MT,592,
MA2005,MA,106,
BB1121,NY,142,
655721,WV,247,WVU Medicine (AKA West Virginia University Health System)
NE2050,NE,680,CommonSpirit Health
AR2046,AR,725,
818178,CT,679,Hartford HealthCare (AKA Hartford Healthcare Corporation)
OH2012,OH,448,Bon Secours Mercy Health
610555,CT,064,
AU3647,IL,616,
AP9897,OK,731,
839705,AZ,852,
712582,FL,329,
793732,AL,350,
AX2352,TN,383,
MN2037,MN,550,
654460,PA,157,
782080,NE,693,
836124,IL,600,
765107,IN,478,
633670,TX,775,University of Texas System
773533,NY,112,
639672,CA,960,
626810,NY,128,
CA2824,CA,930,
AF2770,AK,998,
671003,WI,530,Advocate Health
611384,NM,871,
AQ5859,WI,532,
BB8140,IN,462,
659116,NC,282,
758498,IL,624,Carle Health System
809161,NJ,808,Jefferson Health
700312,WV,260,WVU Medicine (AKA West Virginia University Health System)
OHA075,OH,441,
AN1781,CT,061,
KY0015,KY,427,
NY5028,NY,113,Northwell Health (AKA North Shore Long Island Jewish Health System)
603257,OK,743,
627605,TX,770,
801371,OH,456,
610667,CA,925,
703745,NV,891,
AE8595,CA,945,
TX0549,TX,790,
KY0110,KY,420,Bon Secours Mercy Health
705064,IA,501,UnityPoint Health (FKA Iowa Health System)
740352,MN,553,
611715,KY,402,
AN6909,AZ,857,
IL0012,IL,605,UChicago Medicine (FKA University of Chicago Medicine)
AW8892,MO,630,
675023,PR,923,Metro Pavia Health System
707750,OK,731,
670357,TX,750,
KY0074,KY,402,Baptist Health (Louisville KY)
AT2416,UT,840,CommonSpirit Health
AE3648,WI,549,
742553,MN,550,
629798,NY,147,Great Lakes Health System of Western New York
744267,MI,483,
751173,NY,131,
BC1555,NC,276,
NY5015,NY,104,BronxCare Health System (FKA Bronx - Lebanon Hospital Center Health System)
817820,PA,176,
831007,WY,822,
NY5093,NY,115,
828059,TX,760,Texas Health Resources
746495,IL,612,UnityPoint Health (FKA Iowa Health System)
BC0920,AR,723,
NE2019,NE,691,
OH2014,OH,452,Bon Secours Mercy Health
AE0024,TX,752,
AA2043,PA,176,
NC0063,NC,270,
657849,IL,611,
MN2288,MN,554,
659884,TN,379,
756510,OH,440,
AV6933,NY,114,
BA5151,FL,344,
BA3111,NJ,076,
660773,NY,142,
TX0021,TX,795,
CO2051,CO,807,
IA2028,IA,512,
WV0001,WV,255,Marshall Health Network (FKA Mountain Health Network)
AT6305,TX,797,
NY2063,NY,100,
AE6117,UT,841,
AW5817,TX,750,
814000,NC,282,
816228,NY,127,
734420,CA,933,
742233,GA,301,AdventHealth (FKA Adventist Health System)
743686,NJ,796,
BD4760,KS,662,
BA3044,NJ,085,
766795,OH,447,
BC5253,GA,301,
MA2448,MA,011,
799764,TX,773,
814180,PA,183,
KY0203,KY,400,Baptist Health (Louisville KY)
AD8360,WA,988,
821464,PA,152,
613010,KY,426,
PA0023,PA,180,St Lukes University Health Network
762384,FL,334,
SC0037,SC,296,Prisma Health (FKA SC Health Company)
AA4570,AL,360,
607358,NY,125,Montefiore Health System (AKA Montefiore Medical Center - Health System)
655551,PA,173,
AP7963,PA,190,
AQ4662,MN,554,
692154,NE,685,
CA2008,CA,919,Sharp HealthCare
809631,TX,762,
630395,NY,100,NYC Health and Hospitals (FKA New York City Health and Hospitals Corporation)
711451,NY,142,
AQ0883,NY,147,
741671,VA,234,
764222,IL,600,Northwestern Medicine (AKA Northwestern Memorial Healthcare)
AQ4071,CA,937,
IA2264,IA,520,Trinity Health (FKA CHE Trinity Health)
685377,CT,605,Hartford HealthCare (AKA Hartford Healthcare Corporation)
821836,PA,160,
AO4967,NY,132,
FL0373,FL,327,AdventHealth (FKA Adventist Health System)
AE8646,AK,998,Southeast Alaska Regional Health Consortium (AKA SEARHC)
AE2943,OH,452,
736265,FL,338,AdventHealth (FKA Adventist Health System)
SC2119,SC,296,Bon Secours Mercy Health
AQ2032,IN,479,
807165,SC,299,
705946,IN,465,
822777,OH,432,
AQ4192,CA,908,
718510,NY,100,
819591,FL,333,Universal Health Services
662105,CA,928,
605821,TX,773,CommonSpirit Health
649167,SC,290,
804355,NC,286,
NY2136,NY,142,
728842,PR,009,
735159,NY,101,
611173,TX,785,
NE2031,NE,687,
CA3548,CA,932,
AM0999,IA,522,
AM0992,MO,631,
792854,GA,310,
NE2006,NE,686,
NE2009,NE,686,
600124,CT,636,Hartford HealthCare (AKA Hartford Healthcare Corporation)
OH2198,OH,440,Bon Secours Mercy Health
NE2016,NE,684,
671937,MS,396,
763767,MN,551,HealthPartners
610332,NY,115,
CA2023,CA,954,Adventist Health (AKA Adventist Health System/West)
NY5023,NY,112,
TX0034,TX,760,Texas Health Resources
783703,NC,283,
WI5051,WI,530,
767600,CO,809,
BC1355,TX,750,
AZ2082,AZ,853,Banner Health
634823,SD,571,
832780,NC,286,
636349,NY,136,
SD2012,SD,573,
742091,TX,775,CommonSpirit Health
769445,AZ,850,
AG3044,FL,347,
TX0226,TX,761,Texas Health Resources
649341,MI,480,
AH5150,WI,532,
AB3559,AL,359,Advocate Health
AB4574,IA,510,
723466,IL,606,
AQ8388,MA,010,
TX0355,TX,751,Texas Health Resources
784234,OH,456,
GA2039,GA,314,
760966,CA,915,
772641,IL,605,
781014,PA,181,
OH5022,OH,458,
626942,NY,113,NYC Health and Hospitals (FKA New York City Health and Hospitals Corporation)
843814,PA,189,St Lukes University Health Network
644526,OH,441,
697061,CO,816,
VA0021,VA,233,
742279,PA,152,University of Pittsburgh Medical Center (AKA UPMC)
746459,SC,296,
703103,TN,371,Acadia Healthcare
NE2024,NE,691,
AE0844,WA,982,
600831,OH,458,
BA9982,VA,234,Bon Secours Mercy Health
VA2038,VA,231,Bon Secours Mercy Health
644477,OH,441,
NC0238,NC,287,AdventHealth (FKA Adventist Health System)
702770,WA,982,PeaceHealth
AQ2266,TX,750,
AI7606,NC,276,
819702,NC,276,
AQ4050,CA,958,
710854,TN,374,
842025,KS,666,
744448,NC,275,Cape Fear Valley Health System (FKA Cumberland County Hospital System)
AA6826,NJ,806,
AQ1679,OH,450,
AU0882,TX,757,
695228,OH,441,
602097,NY,115,
OH2008,OH,451,Bon Secours Mercy Health
IN2022,IN,463,
IL0074,IL,606,
721202,IL,606,Universal Health Services
OK2013,OK,741,
714209,PA,184,
652215,FL,329,
AF1219,CA,937,
729608,GA,312,
AT2036,CO,801,
IL2009,IL,629,
AI5544,AZ,852,
NE2039,NE,687,
TX0109,TX,795,
AD4271,TX,752,
AC0398,TX,760,
IA2029,IA,523,
AZ2090,AZ,850,Banner Health
WV0036,WV,257,Marshall Health Network (FKA Mountain Health Network)
659494,SC,297,
AA6913,FL,334,Baptist Health South Florida
658541,WA,982,
NM2002,NM,881,
TX2005,TX,752,Texas Health Resources
AM7491,FL,336,
AY7749,CA,917,
798389,OH,444,
744233,MN,562,
770190,TN,374,
683052,CA,953,
721225,TX,785,Universal Health Services
627576,GA,301,
657357,IA,510,
600501,WI,543,Advocate Health
VA0066,VA,234,
721173,TX,785,Universal Health Services
AN6745,MI,490,
611585,OH,435,
BA8259,MS,391,
AB1944,TX,773,
AV6629,MD,218,
OH2017,OH,455,Bon Secours Mercy Health
NY5027,NY,112,
OK0138,OK,741,
622218,NY,100,
AP9452,FL,333,
AY7201,TX,760,
746295,TX,760,
TX0207,TX,763,
WA2050,WA,994,
KY0106,KY,420,
682241,WA,980,
BA4396,AZ,852,HonorHealth (FKA Scottsdale Lincoln Health Network)
AQ1207,TX,775,
BA9946,FL,335,
831802,TX,780,
AQ1996,IN,473,
AF5121,TN,381,
AT4570,NC,282,
CA2653,CA,934,CommonSpirit Health
709155,IL,605,Advocate Health
AL0153,AL,368,
821838,PA,151,
606448,GA,303,
721176,NV,891,Universal Health Services
612088,TX,756,
818392,TX,774,
AM6429,IA,528,
605836,TX,770,
729576,MA,027,
736238,FL,335,AdventHealth (FKA Adventist Health System)
FL0880,FL,329,
632466,NY,113,
BA0907,PA,185,Jefferson Health
MI2001,MI,484,
711375,NY,145,
MS0062,MS,394,
NC0143,NC,283,
607144,VA,242,
AQ0008,CA,907,
AI8358,AZ,852,
AP3489,FL,337,
631046,NY,131,
821005,OH,448,
KY0069,KY,425,
645097,MN,551,M Health Fairview (FKA Fairview Health Services)
671731,MI,486,
611206,IN,460,
712095,TX,773,
797651,CA,959,American Advanced Management Inc (FKA American Specialty Healthcare)
775726,IL,612,UnityPoint Health (FKA Iowa Health System)
729634,CA,930,
697692,GA,314,
AM2920,SC,296,
642026,TX,788,
SC0006,SC,296,Prisma Health (FKA SC Health Company)
AD7157,NV,891,
AU5302,SD,575,
WA2029,WA,988,
755857,TX,799,
734383,TX,770,
849835,GA,319,
610545,CA,913,
751131,NH,033,
776192,CA,936,
KY0059,KY,405,Baptist Health (Louisville KY)
KY0038,KY,427,
AA6530,DE,199,
629867,OH,439,CommonSpirit Health
AQ1000,FL,330,
712354,HI,968,
644705,OK,741,
AH7671,PA,182,St Lukes University Health Network
IL2355,IL,601,
729579,NH,033,
729564,PA,187,
834523,TX,786,
AQ5086,OK,741,
AP7325,MA,021,
808386,NC,278,
831339,CA,932,
IL0004,IL,609,
709156,IL,600,Advocate Health
709158,IL,600,Advocate Health
610796,TX,763,
AY5168,NY,100,
NY5085,NY,140,Rochester Regional Health System
777735,TX,785,
729622,CA,921,
718639,NY,100,
669184,TX,752,
751715,OK,731,
AP9038,NJ,074,
AQ3840,CA,903,
620759,FL,335,
AQ6303,TX,780,
663416,WI,531,
625066,LA,705,
600360,NE,691,
743147,WA,989,MultiCare Health System
TX0174,TX,750,Universal Health Services
BD7153,GA,301,
FL2059,FL,330,
NC0074,NC,287,AdventHealth (FKA Adventist Health System)
CA2035,CA,933,Adventist Health (AKA Adventist Health System/West)
AJ7737,HI,967,
AE5247,WI,539,
OH2018,OH,430,Bon Secours Mercy Health
845867,NE,680,
SD2015,SD,574,
647531,TX,794,
TX0356,TX,781,
720439,OH,456,UK HealthCare (FKA University of Kentucky Health System)
AD4814,SD,571,
AP9472,FL,349,
AB0528,TX,787,
729583,TN,370,
792405,TX,755,
659479,NC,282,Advocate Health
727093,OH,440,
776895,NY,101,
AB9983,TX,766,
611793,IN,462,
611755,LA,713,
729584,CA,937,
AQ2509,NC,286,
734311,LA,701,
AB5344,KY,403,
AP0242,TN,381,
MN2055,MN,557,M Health Fairview (FKA Fairview Health Services)
SC2115,SC,292,Prisma Health (FKA SC Health Company)
808787,SD,571,
BC9279,IN,461,
AF1659,NE,681,
659526,IA,514,
742714,WA,986,
695923,DE,197,
772228,NH,037,
745014,FL,334,
NE2043,NE,687,
BA3325,MD,218,
780570,TX,760,
AR0023,AR,716,
CA2047,CA,932,Adventist Health (AKA Adventist Health System/West)
667640,KY,402,
AE3221,IN,463,
637740,WV,261,WVU Medicine (AKA West Virginia University Health System)
703115,FL,342,
748822,CA,917,
AW3431,OH,442,
804105,IN,467,
729630,AZ,857,
751224,NY,132,
705860,TX,773,
AU3997,MO,634,
AO1502,OH,452,
BB8939,MI,486,
NY2033,NY,144,Rochester Regional Health System
NY2246,NY,132,SUNY Health (FKA SUNY Health Sciences Centers)
NY2681,NY,117,SUNY Health (FKA SUNY Health Sciences Centers)
685258,MN,551,
TX0083,TX,778,CommonSpirit Health
806749,PA,182,St Lukes University Health Network
AR0006,AR,725,
TX0104,TX,760,Texas Health Resources
IA2130,IA,511,
730496,CA,906,
611054,AL,363,
821815,PA,161,
640600,FL,330,
630362,CO,809,
NY2174,NY,112,
658513,NC,281,Advocate Health
742130,IL,611,
612295,GA,301,
MN2262,MN,554,
751243,NY,136,
AF6673,WA,983,
FL0087,FL,330,Baptist Health South Florida
688756,OH,450,
AB9948,NY,110,
713959,FL,321,
KY0008,KY,404,CommonSpirit Health
PA1152,PA,191,Jefferson Health
611301,NJ,080,
AQ2498,NM,871,
741378,CA,954,
646942,SC,296,Prisma Health (FKA SC Health Company)
729642,GA,300,
729569,RI,028,
643926,IN,460,
LA0326,LA,714,
658475,ME,400,
WV2011,WV,262,Vandalia Health
649421,AZ,850,HonorHealth (FKA Scottsdale Lincoln Health Network)
AV1530,TX,750,
AC1675,MN,562,HealthPartners
754795,NV,890,Universal Health Services
634797,OK,731,
SD2103,SD,577,
693236,LA,711,
744818,FL,321,
836125,IL,617,
TN0018,TN,374,CommonSpirit Health
CO2074,CO,812,CommonSpirit Health
754847,PA,181,St Lukes University Health Network
612163,OK,730,
804303,TX,782,
AQ9393,TX,755,
ND2048,ND,580,CommonSpirit Health
ME2007,ME,465,
TX0058,TX,760,Texas Health Resources
636224,FL,336,
BC1445,TX,782,
AQ3614,CA,920,
843922,KS,662,AdventHealth (FKA Adventist Health System)
800479,TX,761,Texas Health Resources
729144,TX,750,
AZ2006,AZ,852,
777645,WA,983,
823752,NY,110,
SC0027,SC,296,Prisma Health (FKA SC Health Company)
611452,FL,336,
751244,NY,130,
AD7073,KS,662,
AF7784,OR,972,
AJ5719,WV,265,
685226,NC,272,
721174,SC,298,Universal Health Services
743687,NJ,790,
AB3202,IL,608,
771062,WI,531,
NE2034,NE,683,
815740,CO,815,
AX8525,AZ,852,KPC Group (AKA KPC Healthcare)
OH2067,OH,442,University Hospitals Health System
711368,KS,676,
AJ1410,AR,727,
SC2031,SC,296,
658482,ME,427,
BA3004,NJ,077,
AP9279,CA,919,
AE0995,WV,265,
758808,KY,405,CommonSpirit Health
623514,IL,614,
NC0106,NC,272,Advocate Health
AE0997,WY,824,Billings Clinic-Logan Health (AKA Billings Clinic and Logan Health)
816122,AZ,850,
AG9540,WI,531,Advocate Health
AJ2552,OH,441,University Hospitals Health System
613009,KY,404,
759820,NM,871,
686309,AZ,852,
765270,FL,347,AdventHealth (FKA Adventist Health System)
683692,PA,153,
623207,NY,133,
663079,KY,420,
611598,KY,424,
AC3861,MA,018,
AE9125,AZ,850,
835546,KS,670,
AB7059,CO,807,
763225,IL,629,
816121,AZ,852,
IA2286,IA,500,
AD5424,PA,154,WVU Medicine (AKA West Virginia University Health System)
AQ0640,FL,331,
658500,KY,405,
634945,CA,905,
AQ1842,KY,420,
CA2681,CA,958,CommonSpirit Health
AQ2639,NC,286,
WI5027,WI,532,
IA3361,IA,520,
641465,KS,662,
771860,TX,799,
AV3428,VA,232,
648094,RI,287,
MA2455,MA,027,
674968,GA,303,
AX3829,TX,760,
AP7368,NJ,070,
659777,IA,506,
611492,WV,265,
771966,FL,331,
AQ0373,TX,786,
777925,VA,234,
AB5012,VA,238,Bon Secours Mercy Health
VA0112,VA,232,Bon Secours Mercy Health
742092,TX,774,CommonSpirit Health
TX9022,TX,785,Universal Health Services
627384,NY,136,Rochester Regional Health System
AQ3175,TX,774,
AP8138,VA,201,
VA0022,VA,227,UVA Health System (AKA University of Virginia Health System)
611456,MD,210,
BA8127,NY,142,
PR2004,PR,918,
CA2680,CA,956,CommonSpirit Health
605219,NY,142,Great Lakes Health System of Western New York
NY5021,NY,113,
NY5026,NY,114,
ME2001,ME,424,Covenant Health (MA)
679733,CT,645,Hartford HealthCare (AKA Hartford Healthcare Corporation)
NY2024,NY,105,
817813,VA,201,UVA Health System (AKA University of Virginia Health System)
661362,CO,809,
AB9622,NC,271,
760151,IL,616,
BA9773,OH,431,
637619,MI,497,
NY2170,NY,117,Northwell Health (AKA North Shore Long Island Jewish Health System)
713332,ID,833,
AQ5510,MA,021,
AB4734,MO,658,
AJ8984,AZ,852,
AU2842,OK,736,
600854,TX,790,
611803,SC,296,
CA2305,CA,908,CommonSpirit Health
611850,NV,891,
AB6713,MO,650,
730764,KY,402,
695048,OH,443,
768535,KS,660,
821854,PA,151,
AC0236,GA,301,
674338,TX,752,
847011,MA,024,
668739,CA,925,
828845,IA,506,
TX0090,TX,790,
AO2772,CA,924,
843071,NC,271,
752506,MD,208,
KY0042,KY,403,
OH2064,OH,441,University Hospitals Health System
690181,WA,980,CommonSpirit Health
611451,NH,030,
AP9585,OH,431,
821560,MI,487,
767411,OK,741,
MN2163,MN,550,
AE8644,AK,997,
AX5345,NC,280,Advocate Health
626941,NY,100,NYC Health and Hospitals (FKA New York City Health and Hospitals Corporation)
TX2006,TX,750,Texas Health Resources
678596,MN,554,
WI2003,WI,531,Advocate Health
834814,PA,175,University of Pittsburgh Medical Center (AKA UPMC)
IA2350,IA,514,UnityPoint Health (FKA Iowa Health System)
709791,FL,338,
643795,TX,750,Texas Health Resources
VA0135,VA,225,
646296,CA,934,
611856,CT,068,
740724,KY,406,
776577,MI,481,
828836,WY,826,
640909,MA,017,
821934,MD,219,
747077,AZ,857,
834213,NC,276,
813822,FL,330,
749005,GA,307,AdventHealth (FKA Adventist Health System)
AC2363,CO,805,
TN0032,TN,385,
FL0201,FL,330,
611106,LA,700,
661364,TX,770,
AO0526,NY,104,
NY5065,NY,118,Northwell Health (AKA North Shore Long Island Jewish Health System)
604824,PA,162,
TX2355,TX,778,
606133,NY,143,
AQ0114,NC,287,
735510,OH,454,
611979,MI,495,
611574,MN,554,
771032,TX,752,
751198,NY,131,
AV7805,MS,390,
NY2200,MA,257,
WI2005,WI,532,Advocate Health
AJ2549,OH,440,University Hospitals Health System
OK2002,OK,741,
AX8509,UT,841,
728137,SC,292,Prisma Health (FKA SC Health Company)
612108,NY,117,
737631,IL,617,
AN7998,MO,658,
AW8702,KY,400,
742126,AZ,860,
IL0071,IL,601,Northwestern Medicine (AKA Northwestern Memorial Healthcare)
841517,GA,312,
AA8242,MT,591,
690177,AR,721,CommonSpirit Health
IA2315,IA,525,Trinity Health (FKA CHE Trinity Health)
AE0031,FL,327,
IL2013,IL,628,
AB0532,TX,752,
751175,NY,133,
842873,NC,275,
NY2243,NY,117,Northwell Health (AKA North Shore Long Island Jewish Health System)
834553,TX,786,
611212,OH,442,
775708,GA,300,
AY6691,NC,276,
825505,CA,902,
VA0072,VA,236,
717064,NC,271,
682520,TX,786,
668994,FL,333,
AQ0483,CA,914,
NH2001,NH,306,Covenant Health (MA)
746980,AL,362,
DE0006,DE,199,
644410,OH,440,University Hospitals Health System
AB5173,TN,376,
671265,FL,334,
667523,NY,109,
729582,LA,700,
BA8095,MN,551,
BA6355,OK,730,
NY2199,MA,274,
AQ2793,TX,752,
653035,MI,483,Henry Ford Health (FKA Henry Ford Health System)
786930,TX,773,
606899,OH,430,
817706,MI,481,pioneer healthcare management
TX0017,TX,775,Chambers Health (FKA OmniPoint Health)
AY9057,PA,194,
AZ2102,AZ,850,
AD3783,NJ,890,
BC2537,TX,782,
AE2361,TX,761,
AU5966,WV,254,
600766,NY,122,
BA8261,LA,711,
849291,IA,501,
AR0067,AR,722,CommonSpirit Health
622359,FL,330,
AQ9346,MA,019,
657211,GA,301,Advocate Health
AT3876,TX,779,
770140,MA,016,
AX6466,CA,916,
NE2046,NE,683,
607880,MI,481,
729566,CA,906,
684814,CA,937,
825029,TX,773,
AF6926,WI,548,
763149,IL,620,
AI6488,MD,208,
833955,KS,672,
NY2030,NY,145,
682811,CA,913,
625815,VA,231,Bon Secours Mercy Health
680030,PR,738,
817410,NY,132,
729609,TN,381,
670295,OH,450,
AB4175,IA,505,
TX0077,TX,793,
AB8122,CA,956,
675137,AZ,864,
610341,MA,026,
766169,NM,880,
709603,CA,937,
712658,NC,280,
KY2006,KY,402,
GA0196,GA,315,
714757,NC,278,
601323,LA,705,
AN0991,FL,336,
834214,FL,330,
716276,FL,324,
AB5342,CO,809,CommonSpirit Health
OH2073,OH,446,CommonSpirit Health
NC0120,NC,273,
711452,NY,142,
AF1872,AZ,853,
756845,TX,754,Universal Health Services
721263,FL,328,Universal Health Services
751163,NY,129,
AM1656,MI,483,
AG1059,MT,592,
WI2054,WI,531,
825507,CA,902,
655737,UT,841,
771550,IL,601,
TN9012,TN,379,
733415,MS,392,
MI2302,MI,485,
NC0153,NC,283,UNC Health (FKA UNC Health Care)
655940,FL,338,
839789,FL,338,
773226,TX,773,
AP7631,RI,028,
761101,GA,303,
AB7075,TX,760,
670710,VA,234,
781795,IN,471,Baptist Health (Louisville KY)
813344,OH,450,
716320,CA,923,
OH0016,OH,436,Bon Secours Mercy Health
828841,IN,461,
644476,OH,441,
AR0197,VA,232,
721164,NV,891,Universal Health Services
820517,FL,339,
AY9054,MN,553,
TX9051,TX,778,CommonSpirit Health
631713,NY,107,
704038,OH,441,
843384,GA,315,
640957,AL,360,
679393,PA,174,
FL0016,FL,342,Universal Health Services
758554,WI,535,
777336,WV,260,
691507,PA,194,Jefferson Health
794724,VA,230,
AX6161,TN,377,
AE7542,NY,117,
IL2026,IL,606,
838538,IL,605,Advocate Health
781568,FL,334,
AH3736,TX,781,
657124,NC,278,
694222,WV,253,
KY0017,KY,410,UofL Health
621624,CA,958,
729599,KS,662,
741108,MT,592,
OH2062,OH,441,The MetroHealth System
AQ0054,FL,321,
822521,MD,211,
NM2078,NM,881,
679620,MT,590,Billings Clinic-Logan Health (AKA Billings Clinic and Logan Health)
721175,CA,925,Universal Health Services
AB8182,FL,325,
BA3072,NJ,077,
729614,AR,721,
AP7604,CT,064,
840309,MO,631,
NY2041,NY,146,
629770,NY,128,
777589,IN,474,
AE6204,TX,782,
795414,NJ,886,Hackensack Meridian Health
AE6120,TX,774,
729629,FL,323,
AQ5785,CA,958,
NC0009,NC,286,Advocate Health
812198,TX,760,
786480,TX,760,
AT1674,GA,310,
AV5427,VA,245,
AB6936,NY,100,
821945,PA,169,
AE4010,WA,980,
767835,GA,313,
AI8199,IN,472,
621612,NJ,079,
661365,TN,372,
793093,NC,274,
708926,TX,770,
WA2018,WA,988,
AZ2057,AZ,852,HonorHealth (FKA Scottsdale Lincoln Health Network)
798625,MI,481,
714448,NY,105,
729581,TX,799,
845065,TX,770,
AM2927,SC,296,
IA2063,IA,505,UnityPoint Health (FKA Iowa Health System)
AQ3561,CA,920,
WY2003,WY,824,Banner Health
KY0026,KY,427,Baptist Health (Louisville KY)
NY2178,NY,100,NYU Langone Health (FKA NYU Langone Medical Center)
AQ5236,TX,757,
770512,FL,338,
AW6593,WA,986,
AN0338,MS,386,
MN2119,MN,560,
781056,LA,705,
MN2006,MN,553,M Health Fairview (FKA Fairview Health Services)
805555,TX,750,Texas Health Resources
AA5219,AZ,852,Banner Health
AQ5903,FL,330,
611408,OH,432,
621649,MO,636,
821825,PA,165,
MD2041,MD,207,
638240,CA,907,
825122,KY,420,
WI2159,WI,540,
636699,OH,454,
815493,TX,786,
844653,AK,997,
WV0059,WV,261,WVU Medicine (AKA West Virginia University Health System)
611627,CA,933,
815912,VA,229,
703293,SC,295,
AU6224,MO,634,
BA9428,TX,770,
611590,PA,152,
NM2004,NM,875,
IA2183,IA,506,UnityPoint Health (FKA Iowa Health System)
WV0077,WV,260,WVU Medicine (AKA West Virginia University Health System)
611262,NY,117,
682365,MI,497,
843450,TX,785,
631975,AZ,852,
MA0351,MA,021,
AJ1510,WI,532,
745183,OH,439,
630576,NY,112,
768076,WI,530,
821840,PA,161,
AM2923,SC,296,
673890,MA,213,Boston Childrens Hospital Health System
757153,NC,288,
729558,WV,257,
698161,MI,495,
IN2071,IN,468,
772361,MI,495,
729574,IL,601,
621523,TN,372,
624606,NJ,872,Hackensack Meridian Health
606222,NY,119,Northwell Health (AKA North Shore Long Island Jewish Health System)
AV6623,NY,112,
838539,IL,606,Advocate Health
VA0070,VA,236,Bon Secours Mercy Health
AV5782,MN,554,
AC1365,AL,362,
796990,WI,531,
AH1439,TX,775,
NY2012,NY,116,
CA2026,CA,932,Adventist Health (AKA Adventist Health System/West)
709159,IL,604,Advocate Health
BD4766,NC,275,
657842,IA,521,
CA2703,CA,960,CommonSpirit Health
CA2663,CA,940,CommonSpirit Health
644702,IL,620,
721171,TX,788,Universal Health Services
771471,IL,601,
AP8689,CT,066,
783155,AZ,853,
679971,NE,688,
797534,IL,611,
SC0001,SC,296,
ND2047,ND,584,CommonSpirit Health
AT1664,GA,310,Emory Healthcare
TN2308,TN,376,
633213,NY,100,NYC Health and Hospitals (FKA New York City Health and Hospitals Corporation)
742728,ND,583,Sisters of Mary of Presentation Health System (AKA SMP Health)
677575,MA,010,
731053,GA,300,
791722,OK,736,
721166,CA,925,Universal Health Services
AH4310,IA,501,UnityPoint Health (FKA Iowa Health System)
844311,WA,986,
AE6887,IA,521,
NY2402,NY,134,
612195,WY,820,
FL0345,FL,327,AdventHealth (FKA Adventist Health System)
GA0073,GA,307,AdventHealth (FKA Adventist Health System)
AV5110,SC,297,
AK2007,AK,996,
766995,IN,463,
BA8268,LA,713,
AP1425,FL,341,
AG7031,SD,574,
CA2024,CA,912,Adventist Health (AKA Adventist Health System/West)
NE2210,NE,687,
KY5013,KY,420,Deaconess Health System
684671,NY,122,
782829,IL,605,Northwestern Medicine (AKA Northwestern Memorial Healthcare)
MI2191,MI,487,
669854,NM,871,
729641,HI,967,
AW4878,NJ,077,
663308,NC,283,Advocate Health
SC0075,SC,296,Bon Secours Mercy Health
610479,TX,782,
634831,IA,512,
823823,CA,943,
AQ6377,VA,234,
AF6284,MN,553,
WV0053,WV,265,Vandalia Health
NY5017,NY,112,
734996,CA,933,Adventist Health (AKA Adventist Health System/West)
MI2033,MI,481,Henry Ford Health (FKA Henry Ford Health System)
831850,IL,601,Northwestern Medicine (AKA Northwestern Memorial Healthcare)
703441,NJ,071,
AB5205,VA,239,
AE9898,TX,760,
AM0967,NE,688,
AT4571,NC,282,
MI2016,MI,482,Henry Ford Health (FKA Henry Ford Health System)
BC2724,PR,716,
711382,NY,146,
751160,NY,129,
AF2777,AK,999,
780705,SC,294,
744191,OH,435,
624575,OH,437,
BB8207,SD,571,
640397,SC,294,
AT2418,UT,841,CommonSpirit Health
737670,LA,705,
AE5793,AZ,852,
763736,MN,553,
AG9651,OR,972,
AH7694,IA,508,
FL0186,FL,328,AdventHealth (FKA Adventist Health System)
BA4837,TX,759,
610701,UT,841,
BB5372,MO,630,
MA2421,MA,213,
AT2053,CO,802,AdventHealth (FKA Adventist Health System)
CA5026,CA,934,CommonSpirit Health
792738,MI,483,
703132,IA,513,
MD2001,MD,218,
654142,PA,174,
WI2004,WI,530,Advocate Health
770454,NC,282,
SD2209,SD,571,
699297,IN,461,
IN2005,IN,471,
AY7838,NC,271,
676636,MA,108,
753974,NY,100,NYU Langone Health (FKA NYU Langone Medical Center)
TN0204,TN,381,
849683,AZ,852,
AG3142,OH,450,
827207,PA,186,
AD8363,WA,989,
NJ2042,NJ,805,Hackensack Meridian Health
BA8258,LA,707,
AE7578,FL,322,
825656,NY,147,
600697,CA,932,
646430,NC,275,
613378,AK,996,
AB4089,MD,216,
737581,FL,328,
AD4855,NC,281,Advocate Health
NY5014,NY,104,BronxCare Health System (FKA Bronx - Lebanon Hospital Center Health System)
AD9932,WA,983,
790035,AR,722,
NY2054,NY,142,
AN0533,MA,021,
656365,IA,506,
AE8980,IL,607,
AW5160,MT,594,
729603,FL,337,
NJ2047,NJ,760,Hackensack Meridian Health
VA0062,VA,201,UVA Health System (AKA University of Virginia Health System)
AW7993,NC,275,
676489,FL,347,
OR2027,OR,973,
AB3552,GA,310,Advocate Health
611013,IL,601,
AA2046,PA,176,
BC7893,NC,286,
NJ2262,NJ,765,
AZ2050,AZ,852,CommonSpirit Health
729617,ME,041,
TX0377,TX,793,
AD4985,MA,018,
778569,IL,623,
BA0431,NJ,076,
TX0453,TX,797,
808155,PA,191,
BC0290,TN,370,
740277,KS,662,
611906,OH,430,
804413,CA,928,
610685,AL,352,
640910,MI,483,
AI5543,AZ,850,
733407,TX,782,Signature Healthcare Services
772704,AZ,852,
727338,NC,282,
AQ3768,CA,907,
834693,MO,637,
AF2745,AK,995,
658512,NC,282,Advocate Health
620029,NY,109,
765013,WI,535,
679415,WY,826,
MN2017,MN,559,
AA9675,TN,374,Acadia Healthcare
IA2058,IA,501,Trinity Health (FKA CHE Trinity Health)
AE8983,OR,972,
TX0378,TX,773,CommonSpirit Health
691630,PA,180,St Lukes University Health Network
739660,CA,922,
610747,PA,157,
610194,CA,926,
796762,OK,741,
721119,CA,925,
643639,NJ,710,
DE2012,DE,199,
770470,IN,461,
705076,HI,968,
AU5987,NJ,076,
NY2020,NY,104,
611995,NC,276,
795144,FL,336,
AQ4001,CA,930,
764230,VA,232,
FL0287,FL,331,Baptist Health South Florida
680667,MT,590,Billings Clinic-Logan Health (AKA Billings Clinic and Logan Health)
799225,GA,303,
759774,IL,616,
699901,OK,741,
714816,NC,279,
AA3089,VA,232,
770214,FL,328,
729562,AL,352,
AQ3279,MO,640,
AO9334,FL,329,
791869,TX,756,
AT2051,CO,801,AdventHealth (FKA Adventist Health System)
FL2056,FL,330,
NJ2014,NJ,750,
NY2145,NY,112,
781797,AR,720,
AQ2069,TX,775,
AN8137,VA,232,
AM8068,MO,631,
AG5459,AK,996,
IA2057,IA,525,
SD2010,SD,571,
AY9669,NJ,807,
721177,FL,342,Universal Health Services
BB2704,AZ,850,
754068,KY,401,
OH2037,OH,434,
729588,KY,421,
TN2034,TN,381,
609389,NY,136,
OH2038,OH,440,Bon Secours Mercy Health
721392,IL,603,Universal Health Services
661494,FL,346,
TN0025,TN,373,
734384,NV,890,
610712,FL,328,
CTA078,CT,062,
AA2661,NY,140,
WA2041,WA,988,
LA2002,LA,704,
TX0651,TX,794,
IA0002,IA,507,UnityPoint Health (FKA Iowa Health System)
821938,PA,152,
AF5950,GA,308,
AA5734,NC,275,
671091,NY,103,
677694,ME,041,
821568,PA,159,
OH2278,OH,448,
611745,TX,756,
NY2050,NY,142,
OH5020,OH,444,
AO9348,FL,329,
608807,MO,641,
AA5370,CA,931,
773268,SC,295,
729572,TX,787,
847403,PA,156,
AN6196,MO,630,
645092,MN,551,M Health Fairview (FKA Fairview Health Services)
729601,WA,980,
752468,HI,968,
BB0060,PR,935,
NJ2043,NJ,766,
777512,CA,952,CommonSpirit Health
IA2061,IA,505,UnityPoint Health (FKA Iowa Health System)
AR0092,CA,917,
659117,NC,282,
742118,NJ,083,
763747,WI,540,HealthPartners
611496,VA,237,
WA2007,WA,980,
763184,FL,330,
610988,VA,240,
694045,NE,687,CommonSpirit Health
691788,LA,708,KPC Group (AKA KPC Healthcare)
721170,TX,780,Universal Health Services
621673,ID,837,
AQ1103,TX,750,
AQ2348,MA,019,
616768,FL,322,
735942,OH,448,
669843,NH,330,Concord Hospital Health System (FKA Capital Region Health Care)
AE0950,OH,442,
659195,NC,282,
AG1820,MT,591,
751141,NY,133,
NE2446,NE,688,CommonSpirit Health
AY5890,TX,761,
NH2045,NH,030,
AD7473,AR,723,
612908,MI,488,
770656,NJ,078,
AJ8183,TN,376,
699220,NC,282,
727428,CA,923,
AE4968,IA,521,
842479,CO,807,
637480,CA,961,
656345,TX,782,
760296,NY,112,
AJ6120,TX,760,
NE2044,NE,683,
AT2685,PA,180,St Lukes University Health Network
FL0366,FL,328,
BC8870,CO,802,
KY0078,KY,402,
784011,SD,571,
729613,NE,681,
696428,CA,954,Signature Healthcare Services
BD4119,WV,262,
NV2013,NV,890,CommonSpirit Health
743220,ND,583,Sisters of Mary of Presentation Health System (AKA SMP Health)
613476,CA,931,
AU6192,TX,799,
AP7314,TX,773,
SC0047,SC,291,
SC0067,SC,292,Prisma Health (FKA SC Health Company)
616582,MD,215,WVU Medicine (AKA West Virginia University Health System)
729606,FL,327,
SC0022,SC,295,
NC0090,NC,283,Cape Fear Valley Health System (FKA Cumberland County Hospital System)
729591,TX,750,
764238,VA,236,
662082,WI,540,
711622,MA,185,Tufts Medicine (FKA Wellforce)
AG8738,FL,321,AdventHealth (FKA Adventist Health System)
682510,FL,346,AdventHealth (FKA Adventist Health System)
658415,NC,286,Advocate Health
AJ5557,FL,344,
AQ2345,TX,770,
AA3799,VA,232,
TX0172,TX,788,
AU1001,KY,400,
AQ6685,NE,681,
844981,OH,440,
BA1846,PA,173,
TX2609,TX,770,
AZ2003,AZ,865,
729526,AL,359,
KY0114,KY,415,
CA2042,CA,900,Adventist Health (AKA Adventist Health System/West)
AP6941,NC,276,
729071,TN,379,
764881,NE,685,
832204,CA,902,
607906,KS,668,
AV7697,MN,554,
NE2038,NE,684,
792727,TX,760,OptumCare
AT2417,UT,840,CommonSpirit Health
709813,NY,117,
612967,OH,444,
NH2002,NH,310,HCA Healthcare (FKA Hospital Corporation of America)
AT2479,OH,450,Bon Secours Mercy Health
AO7041,OK,740,
FL0117,FL,338,AdventHealth (FKA Adventist Health System)
AP7329,FL,346,
804326,TX,782,
646506,CA,951,
AE2214,WA,988,
655060,WI,532,
CA2662,CA,933,
718237,NC,282,
653976,WI,531,
649485,PA,151,
817037,NY,145,
743695,PA,190,Jefferson Health
768766,CO,806,
751238,VT,054,
AQ2091,IN,472,
820283,NE,680,
AQ1993,IN,460,
CA2682,CA,959,CommonSpirit Health
AQ0371,GA,300,
AB2353,AR,728,
WY2004,WY,827,
AB2945,SD,576,CommonSpirit Health
AY6960,OK,741,
840182,VA,220,
AV6174,MA,124,Berkshire Health Systems
735729,NY,100,
MN2025,MN,550,
WV0055,WV,265,WVU Medicine (AKA West Virginia University Health System)
BA8093,NE,688,
AG5958,MT,597,
658478,ME,424,
763741,WI,540,HealthPartners
620835,TX,761,
733335,SD,573,
763170,NV,891,
809618,TN,381,
AD6032,FL,338,
721165,NV,894,Universal Health Services
787547,OH,430,
742133,IL,617,
710898,MD,218,
610371,MD,207,
635898,NC,283,
TX2129,TX,765,
603131,NV,894,
821414,PA,166,University of Pittsburgh Medical Center (AKA UPMC)
767523,KY,405,
771712,IL,627,
AU9898,KS,666,
BA4505,PA,181,
646557,VA,201,
640913,IN,460,
AP8614,MA,020,
826111,PA,152,
643980,MI,481,
NE2047,NE,689,
BA5540,CO,802,
AV2474,PA,157,
843930,FL,325,
AP5788,NY,135,
681924,CA,952,Adventist Health (AKA Adventist Health System/West)
MN2009,MN,554,M Health Fairview (FKA Fairview Health Services)
658859,NC,280,
703492,NY,113,
844306,OR,974,
657982,SC,296,Prisma Health (FKA SC Health Company)
699358,PR,698,Metro Pavia Health System
801355,WV,257,
AV5597,MI,499,
603250,NE,685,CommonSpirit Health
IA2344,IA,506,UnityPoint Health (FKA Iowa Health System)
771020,MO,634,
AP0566,TN,381,
761245,CA,940,
MN2016,MN,557,
AH4312,IA,523,
729587,MT,594,
699015,MD,211,
661186,LA,704,
638186,NY,130,
657850,FL,344,AdventHealth (FKA Adventist Health System)
ND2005,ND,586,CommonSpirit Health
AQ0090,NC,287,
685063,IA,500,
FL0019,FL,321,AdventHealth (FKA Adventist Health System)
FL0246,FL,337,
AG6192,WY,826,
AE6178,TX,786,
AG6236,UT,844,
659085,NC,282,
652062,NE,681,
TX0365,TX,795,
CA2669,CA,950,CommonSpirit Health
AD7158,WA,986,
801399,PA,194,
AV6448,CT,064,
808156,TN,381,
WI2007,WI,532,Advocate Health
MA2019,MA,185,Tufts Medicine (FKA Wellforce)
BB5371,TN,370,
716290,TX,750,
679728,WA,986,
WA2025,WA,981,CommonSpirit Health
AO7426,NY,123,
695372,OK,740,
AO4236,TN,372,
AR0045,AR,726,
714818,NC,279,
MI2030,MI,480,Henry Ford Health (FKA Henry Ford Health System)
729577,NC,282,
AI1192,VA,240,
AG8745,FL,335,AdventHealth (FKA Adventist Health System)
682039,TN,380,
AQ5185,FL,329,
834810,PA,171,
735946,LA,701,
710564,CA,959,
KY0020,KY,407,Baptist Health (Louisville KY)
IA2030,IA,501,UnityPoint Health (FKA Iowa Health System)
BA1785,PA,175,
826182,FL,330,
CA2030,CA,913,CommonSpirit Health
678342,TX,750,
BB3615,MO,652,
806338,MN,557,
644352,MS,395,
SC0039,SC,296,Prisma Health (FKA SC Health Company)
840294,PA,179,St Lukes University Health Network
807598,WI,546,
AP0322,TN,381,
NE2448,NE,684,CommonSpirit Health
MN2166,MN,550,M Health Fairview (FKA Fairview Health Services)
833833,CO,800,
770814,MI,483,
768900,NE,680,
AI1136,IL,623,UnityPoint Health (FKA Iowa Health System)
FL0209,FL,335,
713757,MS,392,
NY0025,NY,112,
NY2507,NY,119,SUNY Health (FKA SUNY Health Sciences Centers)
765429,OH,430,
649386,IL,604,UChicago Medicine (FKA University of Chicago Medicine)
836456,NC,276,
AB2758,WA,984,
606404,NY,142,Great Lakes Health System of Western New York
MN2022,MN,557,
714814,NC,279,
771620,OK,740,
AQ2588,TX,782,
825968,FL,341,
668178,TX,750,Texas Health Resources
726076,NJ,071,
NC0098,NC,284,
PA2457,PA,159,
667853,FL,321,AdventHealth (FKA Adventist Health System)
MI2075,MI,484,
AO4612,FL,335,
AQ7584,VA,234,
CO2013,CO,810,
744736,CA,903,
AI6926,FL,335,
AA2035,PA,170,
736316,VA,238,Bon Secours Mercy Health
PA1151,PA,190,Jefferson Health
BA0806,PA,182,Jefferson Health
834871,PA,170,University of Pittsburgh Medical Center (AKA UPMC)
747952,WA,981,CommonSpirit Health
AD7176,MI,483,
661429,TN,381,
759773,IL,617,
AA7016,CO,808,
MN2001,MN,554,
820441,TX,766,
736004,CA,900,
637047,PR,907,
658410,NC,280,Advocate Health
765848,NV,891,
AQ1468,FL,327,
AE8527,CA,900,
AM2919,SC,296,
MN2115,MN,554,
CA2695,CA,952,CommonSpirit Health
605386,NY,142,Great Lakes Health System of Western New York
789408,IL,610,
834880,PA,171,University of Pittsburgh Medical Center (AKA UPMC)
AI1910,OH,436,
TX0513,TX,790,
841016,NY,113,
AQ2023,IN,460,
OK0230,OK,741,
MN2008,MN,554,M Health Fairview (FKA Fairview Health Services)
KY2001,KY,400,UofL Health
816617,MD,206,
AA1680,IL,606,
AC0923,MT,596,Billings Clinic-Logan Health (AKA Billings Clinic and Logan Health)
AC4773,LA,708,
AM6159,SD,570,
677233,OK,741,
DC0005,DC,200,Universal Health Services
636946,GA,314,
AK2003,AK,996,
828708,VT,054,
AB2686,WA,984,
667359,PR,971,
AX2749,MI,487,
AQ2663,NC,281,
826123,PA,166,
AG8352,MI,497,
730545,FL,341,
NE2020,NE,683,
KS2062,KS,665,
TX0615,TX,775,CommonSpirit Health
AP9440,FL,321,
AB2614,CO,810,
640702,CA,960,
703421,NJ,074,
AB5176,NC,282,
AE0030,CT,060,
CA3270,CA,953,CommonSpirit Health
AE8987,MO,631,
678314,LA,708,
AD5811,OK,731,
AQ4985,FL,321,
AJ3810,IL,600,
820684,MI,489,
765888,IL,601,
AX6097,PR,007,
AE5957,CA,928,Signature Healthcare Services
619908,PA,191,
NY5078,NY,105,Montefiore Health System (AKA Montefiore Medical Center - Health System)
612105,TX,761,
AP9439,FL,341,
709617,CA,937,
819617,NC,275,
746191,AZ,857,Banner Health
AU3639,NJ,890,
816260,FL,336,
795799,IL,606,
WI2002,WI,530,Advocate Health
IL2010,IL,616,Carle Health System
748891,OR,972,
619719,NY,119,
611787,IL,606,
NY2202,NY,117,NYU Langone Health (FKA NYU Langone Medical Center)
763669,PA,190,
AI5066,MO,633,
AT7109,OR,970,
SD2095,SD,573,
IA2026,IA,505,UnityPoint Health (FKA Iowa Health System)
748235,TX,782,
BB5332,PA,178,
611184,NC,284,
826630,SC,295,
795562,MN,561,
AQ6150,OK,740,
794862,KY,427,
TN2022,TN,381,
IA2032,IA,515,CommonSpirit Health
AP7639,CT,068,
AT3733,TX,750,
747078,AZ,857,
WA2039,WA,993,
FL2303,FL,346,
AW9595,IL,628,
630984,NY,105,Northwell Health (AKA North Shore Long Island Jewish Health System)
658001,NJ,886,St Lukes University Health Network
809235,NY,142,
AX6197,VA,240,
IL2136,IL,620,
612114,NY,113,
699356,PR,921,Metro Pavia Health System
611460,TX,782,
AA3819,VA,232,
AT2458,MA,023,
847800,NM,871,
IA2353,IA,514,
AZ2085,AZ,852,Banner Health
KY0050,KY,403,Bon Secours Mercy Health
IA0003,IA,520,UnityPoint Health (FKA Iowa Health System)
800820,TX,752,
AV2669,AL,368,
FL0006,FL,338,AdventHealth (FKA Adventist Health System)
VA0099,VA,232,
WV0021,WV,263,WVU Medicine (AKA West Virginia University Health System)
670100,FL,346,
679557,OH,442,
MS0006,MS,394,
MD0100,MD,208,
AD7430,MS,391,
816114,AZ,850,
AB2615,KS,678,
FL0136,FL,330,Baptist Health South Florida
AV6444,NY,117,
AB3058,KY,427,
MO5031,MO,644,
611879,NY,120,
630739,NE,681,
729626,UT,841,
838012,TX,757,
782242,MA,024,
AQ9799,GA,310,Emory Healthcare
IL5045,IL,616,
PA2111,PA,182,St Lukes University Health Network
773455,OH,448,
AR0093,AR,716,
KY0118,KY,404,Baptist Health (Louisville KY)
OH2015,OH,450,Bon Secours Mercy Health
FL2004,FL,336,
762089,FL,334,
805653,TX,794,
BB6682,IN,463,
NE2007,NE,688,
WI2009,WI,542,Advocate Health
622884,NY,117,
771222,KS,660,
TX0258,TX,786,
773725,MN,557,M Health Fairview (FKA Fairview Health Services)
AU4255,TX,767,
754066,KY,402,
816735,OK,740,
661259,NC,282,
NE2028,NE,684,
654896,OH,441,University Hospitals Health System
711436,NY,148,
AQ6782,OH,450,
682505,FL,336,AdventHealth (FKA Adventist Health System)
AD7103,MO,657,
AP0347,TN,381,
IL2036,IL,609,
AE7560,FL,342,
655535,GA,303,
WV2003,WV,265,
TX0110,TX,789,
BA0900,PA,179,Jefferson Health
AB5172,NC,272,
628726,LA,705,
AA5222,NE,684,
BA2552,PA,181,
NC0121,NC,283,
TX0227,TX,760,Texas Health Resources
650914,TN,379,
730179,VA,201,
766614,AZ,852,
821851,PA,152,
LA0191,LA,712,
763780,MN,550,HealthPartners
NY5029,NY,100,Northwell Health (AKA North Shore Long Island Jewish Health System)
AD4189,MA,016,
AN6193,NE,685,
WA2036,WA,988,
NY2166,NY,103,
765060,WI,531,
AB4573,SD,571,
770962,OK,741,
729563,MS,392,
832779,FL,336,
732997,CA,953,
AB5316,KS,677,CommonSpirit Health
AC0262,AL,359,
AH7879,WV,252,
NE2001,NE,681,CommonSpirit Health
777284,TX,760,
616918,NY,100,
767265,FL,330,
695902,FL,329,
AB1796,TX,773,
VA0051,VA,224,Bon Secours Mercy Health
661483,NY,136,Rochester Regional Health System
AQ1352,MD,217,
821686,PA,177,
AW2993,FL,337,
AE5004,OH,439,
BB2249,NC,275,
652790,ID,834,
771508,NM,880,
AQ2558,TX,763,
AY7397,NY,115,
795404,NJ,704,Hackensack Meridian Health
649420,AZ,850,HonorHealth (FKA Scottsdale Lincoln Health Network)
746188,MT,591,
738235,KS,679,
NC0141,NC,272,
762884,MI,486,
611008,WV,257,
659014,NC,281,
833238,NC,283,
754074,ND,585,CommonSpirit Health
616976,TX,752,Texas Health Resources
AB3306,WI,545,
AB2990,KY,407,
AA1664,AZ,850,HonorHealth (FKA Scottsdale Lincoln Health Network)
721169,FL,334,Universal Health Services
BB2699,NE,685,
636176,NY,110,
SD2184,SD,572,
KY0070,KY,407,CommonSpirit Health
826832,WA,982,
AD9998,NJ,070,
AM4531,SC,292,
AT1676,GA,310,
CO2003,CO,805,Banner Health
MA2116,MA,272,
748980,UT,841,
690887,NC,286,
AP5720,TX,780,
810631,FL,330,
NV2001,NV,894,Banner Health
704140,MT,593,Billings Clinic-Logan Health (AKA Billings Clinic and Logan Health)
AQ4415,NC,275,
FL0027,FL,337,
605075,KS,662,AdventHealth (FKA Adventist Health System)
843887,TX,760,
721417,FL,337,Universal Health Services
801081,TX,786,
843022,NY,145,
AQ3400,NV,890,
AB1270,TN,373,
660329,LA,701,
821816,PA,152,
758552,IL,600,
DE0011,DE,198,
NY2179,NY,110,Northwell Health (AKA North Shore Long Island Jewish Health System)
770553,NY,132,
771379,FL,333,
729632,CA,945,
AO9818,TX,782,
AO7886,TX,770,
742127,AZ,863,
BB5370,TN,379,
AF2738,AK,995,
627627,GA,301,
AY4257,NJ,087,
770050,IA,501,
BD1075,KY,405,
AP4224,AZ,853,
IN0028,IN,464,
WA2224,WA,984,CommonSpirit Health
760721,GA,305,
WI5042,WI,531,
KY0063,KY,405,CommonSpirit Health
VA0090,VA,237,Bon Secours Mercy Health
830192,WV,252,WVU Medicine (AKA West Virginia University Health System)
771805,FL,327,
729602,TN,379,
729618,CA,925,
AB5381,ME,460,
NY2163,NY,100,
611124,IL,600,
660328,OK,745,
804252,AR,729,LHC Group
OH0023,OH,453,
BE6656,NE,681,
742117,NJ,831,
612013,LA,712,
NY5073,NY,110,Northwell Health (AKA North Shore Long Island Jewish Health System)
AP8318,NC,282,
701750,TX,773,
NE2003,NE,691,Banner Health
VA0095,VA,240,
742121,PA,181,Jefferson Health
IA2011,IA,503,UnityPoint Health (FKA Iowa Health System)
780356,FL,330,
821905,PA,177,
AM3698,NV,890,Universal Health Services
723385,NJ,083,
821842,PA,163,
AK2001,AK,997,
734532,MI,483,pioneer healthcare management
BA8316,MO,640,
687684,FL,335,AdventHealth (FKA Adventist Health System)
729542,CA,902,
635850,NY,106,
OR2008,OR,972,Adventist Health (AKA Adventist Health System/West)
LA0001,LA,708,
MD0049,MD,214,
762854,TX,774,
CA2025,CA,912,CommonSpirit Health
612412,OH,452,Bon Secours Mercy Health
AO6284,MO,638,
647399,MN,551,
731704,AL,352,
OH2031,OH,448,
729580,AL,365,
809244,CA,936,
NY5063,NY,117,Northwell Health (AKA North Shore Long Island Jewish Health System)
825506,CA,900,
AY8761,TX,799,
AN2299,AZ,850,
644075,AZ,852,Banner Health
MD0078,MD,211,
768922,FL,334,
640889,TX,750,
763366,SD,571,
CA2036,CA,930,Adventist Health (AKA Adventist Health System/West)
CA0943,CA,952,
AH4975,MI,492,
751133,WI,549,
AQ5945,NJ,078,
AA5209,TN,381,
751351,MD,214,
608675,NJ,076,
847796,NM,871,
CO2005,CO,807,Banner Health
812970,AK,997,
797303,TX,761,
AX5433,MN,550,
775316,LA,705,CHRISTUS Health
TX0289,TX,770,Harris Health System (FKA Harris County Hospital District)
727241,NY,104,
AE3416,IN,463,
AE0471,WI,538,
809162,NJ,800,Jefferson Health
AQ3331,IN,462,
PA2006,PA,163,
IA2052,IA,501,UnityPoint Health (FKA Iowa Health System)
NY2176,NY,104,
611047,FL,337,
AI4173,TX,752,
AP9642,NC,275,
AB4112,ND,585,
701379,MT,597,
745175,MT,599,Billings Clinic-Logan Health (AKA Billings Clinic and Logan Health)
AF4044,NC,282,
605170,AR,717,
MN2049,MN,564,CommonSpirit Health
652930,OH,456,
LA0018,LA,708,
645342,CA,936,American Advanced Management Inc (FKA American Specialty Healthcare)
722238,NJ,089,
778050,VA,240,
703020,CA,937,
626925,GA,300,
741436,OR,970,
741595,AZ,852,HonorHealth (FKA Scottsdale Lincoln Health Network)
765266,AZ,850,
756492,NY,101,
685206,ND,583,
TX2302,TX,770,Harris Health System (FKA Harris County Hospital District)
AQ0105,SC,291,
AO1385,GA,300,
679062,PA,168,
BA8260,LA,713,
AX5124,TX,779,
709160,IL,606,Advocate Health
711828,IL,606,
689462,TN,380,
AA3298,VA,232,
737167,KS,662,
742090,TX,773,CommonSpirit Health
623178,KY,411,UK HealthCare (FKA University of Kentucky Health System)
766894,KY,420,
AE8991,TX,775,
659481,NC,282,
AZ2046,AZ,850,
652153,CA,960,
636001,AZ,853,Banner Health
AP0345,TN,381,
AT1667,GA,310,
MN2047,MN,563,CommonSpirit Health
710161,NC,283,Cape Fear Valley Health System (FKA Cumberland County Hospital System)
699026,NY,142,
795705,FL,331,
796564,OK,744,
774973,MD,207,
772531,OH,440,
838902,TX,788,
621540,LA,705,
AQ4565,CO,801,
BA5923,KS,671,
HI2013,HI,968,
BB7741,AL,358,
847406,PA,175,
841476,GA,310,Advocate Health
AP8557,CA,941,
641329,NY,112,
696501,TN,372,
AE4319,WA,993,
611497,VA,232,
792851,NC,271,
AT2962,TX,794,
739494,FL,334,
799027,MA,215,Tufts Medicine (FKA Wellforce)
633957,KS,672,
AE7368,NE,688,
AG1489,OK,740,
690910,CO,808,
CA2704,CA,960,CommonSpirit Health
PA5025,PA,191,Jefferson Health
611088,SC,294,
709514,OH,441,
LA0045,LA,712,
751178,NY,136,
NE2015,NE,692,
711028,CA,956,
BA4425,GA,301,
783023,TX,770,
AH3239,IA,523,
AG7880,MT,593,
634622,NY,136,
611941,AL,352,
611690,CA,956,
AI0718,WI,535,
719733,TN,370,
757524,FL,330,
AP4442,OH,435,
MD0007,MD,212,
FL2450,FL,327,AdventHealth (FKA Adventist Health System)
712581,FL,329,
AH1193,TX,752,
629618,KY,420,
AO9903,OK,748,
BA1501,PA,170,
IA2024,IA,524,UnityPoint Health (FKA Iowa Health System)
MD9007,MD,214,
AI7050,MI,489,
803999,MT,597,
MA2039,MA,211,Boston Childrens Hospital Health System
630389,NY,100,NYC Health and Hospitals (FKA New York City Health and Hospitals Corporation)
BA3023,NJ,077,
AE0477,OR,973,
788512,LA,712,LHC Group
643857,TX,760,
772316,NC,270,
CA2601,CA,924,CommonSpirit Health
816339,CA,945,
774901,ID,833,
731971,OK,731,
848402,PA,155,
NY2162,NY,100,
AE8981,CA,958,
729637,OH,430,
640880,NE,681,
BA8287,FL,339,
613603,KS,662,
799321,IL,626,
AP9476,FL,329,
BC9933,WA,988,
676473,UT,844,
NY2164,NY,113,
AV3064,NY,105,
AB1979,TX,775,
AW7684,KY,405,
TX0248,TX,765,
OH2024,OH,436,Bon Secours Mercy Health
607148,FL,327,
AI7610,NC,276,
KY0084,KY,402,Baptist Health (Louisville KY)
808752,MT,594,Billings Clinic-Logan Health (AKA Billings Clinic and Logan Health)
844778,NY,133,
630394,NY,104,NYC Health and Hospitals (FKA New York City Health and Hospitals Corporation)
TX0435,TX,762,
696368,OH,430,
WA2032,WA,988,
643797,OH,445,Bon Secours Mercy Health
610179,NJ,079,
605077,NH,323,Concord Hospital Health System (FKA Capital Region Health Care)
699349,PR,681,Metro Pavia Health System
635562,MD,212,
824524,NC,282,
714819,NC,279,
AP7608,NY,105,
646076,MN,553,
WY2005,WY,827,
MN2054,MN,564,
630571,NY,100,
WI0008,WI,547,AdventHealth (FKA Adventist Health System)
CA2303,CA,924,CommonSpirit Health
612113,MI,480,
BA1922,PA,174,
AT2472,CA,958,
NE2027,NE,683,
AU0135,NY,140,
730322,KY,402,
DE0009,DE,199,
AZ2024,AZ,851,Banner Health
CA2656,CA,930,CommonSpirit Health
762134,NV,891,
768529,IL,600,
AI6153,IA,525,
652220,NY,115,
743998,WI,539,
674300,FL,331,Baptist Health South Florida
804106,OH,458,
649233,GA,316,
820302,NC,285,
825511,CA,906,
751241,NY,132,
AM6889,TX,797,
AN3231,CA,953,
CA2863,CA,959,American Advanced Management Inc (FKA American Specialty Healthcare)
KY0087,KY,402,
816652,FL,342,
644763,OH,440,
811982,OH,441,
611905,MS,395,
AH0831,OH,440,
794757,OH,456,
AJ5758,FL,327,
AD4632,CA,933,
826124,PA,152,
AF3415,AZ,852,
653673,CA,937,
745327,NY,135,
MN2158,MN,553,
NC0036,NC,286,
714397,CA,953,American Advanced Management Inc (FKA American Specialty Healthcare)
AE8973,OH,454,
611477,CO,804,
620348,GA,309,
VA2124,VA,232,
AB2532,IN,462,
KY0040,KY,401,
AJ0827,IL,600,
TX2009,TX,768,
TX0024,TX,760,Texas Health Resources
AM2249,TX,790,
IL2025,IL,612,
WA2030,WA,991,
729610,ID,836,
659104,NC,282,
AD4678,OK,731,
612048,UT,841,
VA0107,VA,232,
NV2011,NV,890,CommonSpirit Health
NC0071,NC,278,
IN2026,IN,463,
645058,OK,741,
712359,IL,600,
647973,NY,140,
AP0334,TN,381,
IN2204,IN,471,
743741,MD,210,
AP9738,FL,337,
NC0003,NC,274,Kaiser Permanente
679055,TX,760,Texas Health Resources
AG4724,OH,442,
AP4265,NC,278,
AM2918,SC,296,
803978,VA,229,
MI2048,MI,480,
OK2086,OK,737,Universal Health Services
LA0075,LA,713,
FL0111,FL,347,AdventHealth (FKA Adventist Health System)
NE0001,NE,688,CommonSpirit Health
679230,FL,328,
WV0065,WV,254,WVU Medicine (AKA West Virginia University Health System)
622733,FL,328,
729586,FL,333,
AQ3788,CA,926,
611110,TX,794,
AF1198,FL,328,
AB9955,CA,952,American Advanced Management Inc (FKA American Specialty Healthcare)
AG6298,NC,275,
BA4398,AZ,852,HonorHealth (FKA Scottsdale Lincoln Health Network)
NY2153,NY,104,Montefiore Health System (AKA Montefiore Medical Center - Health System)
VA2030,VA,246,
655985,LA,705,
AA2480,FL,336,
634838,MN,561,
737173,TX,760,
626778,MN,554,
WI2011,WI,532,Advocate Health
834815,PA,174,University of Pittsburgh Medical Center (AKA UPMC)
600722,NC,280,
657355,CA,960,
TX0546,TX,764,
NY2143,NY,112,NYU Langone Health (FKA NYU Langone Medical Center)
AX3601,IL,606,
729553,NY,104,
WA2034,WA,988,
607498,GA,300,
AQ2852,NJ,080,
AQ3209,VA,236,
605472,LA,711,
749485,AZ,856,
610641,CA,917,
AQ3441,CA,928,
741651,OK,741,
AR0052,AR,719,CommonSpirit Health
739277,PA,194,
AQ2077,TX,775,
NY2043,NY,145,Rochester Regional Health System
AT4567,NC,282,
619684,TX,760,Texas Health Resources
774875,NC,282,
809788,OK,740,
630396,NY,104,NYC Health and Hospitals (FKA New York City Health and Hospitals Corporation)
SC0079,SC,291,Prisma Health (FKA SC Health Company)
766952,KY,410,
AW4262,NC,276,
639175,AZ,852,
632553,NE,689,
AT3603,ND,588,
625894,KS,662,
771125,OH,452,
729596,IN,462,
AB5039,NE,681,
AB3553,GA,310,
679622,MT,590,Billings Clinic-Logan Health (AKA Billings Clinic and Logan Health)
TX0323,TX,770,CommonSpirit Health
711449,NY,140,
621574,TN,372,
AO1382,GA,300,
688248,IL,606,
729570,VA,241,
BB8035,NY,103,
AA4744,TX,752,
788510,LA,701,Ochsner Health System
AQ6427,FL,342,
AQ0680,NY,105,
611642,GA,312,
NC0042,NC,283,Cape Fear Valley Health System (FKA Cumberland County Hospital System)
AP8867,NY,100,
AC1652,NY,117,
751136,NY,132,
835745,TX,787,
OR2026,OR,973,
775620,IL,626,
AP7745,NJ,070,
AP7084,MO,631,
AI7605,NC,276,
AB4173,CO,804,CommonSpirit Health
763182,KS,672,
611413,KS,672,
AQ1243,NC,280,
648067,MI,480,
LA0328,LA,708,
AQ6401,CA,913,
626089,NJ,870,
AB3154,CO,802,CommonSpirit Health
NY2007,NY,103,Northwell Health (AKA North Shore Long Island Jewish Health System)
NE2042,NE,680,
679734,CT,622,Hartford HealthCare (AKA Hartford Healthcare Corporation)
AE3362,IN,463,
840307,NC,271,
BA6021,MS,388,
773990,KY,426,Med Center Health (FKA Commonwealth Health Corporation)
843225,NV,890,
799642,MA,217,Tufts Medicine (FKA Wellforce)
OH2004,OH,443,
644406,OH,441,University Hospitals Health System
MD0094,OH,452,Bon Secours Mercy Health
NC0012,NC,273,Kaiser Permanente
TX0281,TX,763,
630392,NY,104,NYC Health and Hospitals (FKA New York City Health and Hospitals Corporation)
705079,TX,762,Texas Health Resources
703303,TN,378,
AP8768,NJ,080,
826125,PA,152,
AE8649,AK,995,Indian Health Service
TX0156,TX,752,
693753,LA,711,
658411,NC,282,Advocate Health
627592,NV,891,CommonSpirit Health
WA2223,WA,980,CommonSpirit Health
AA8990,WI,535,
650986,OH,442,
688661,FL,336,
769482,NE,680,
711432,NY,146,
801380,KY,411,
AP8275,SC,297,
766068,GA,302,
AI2535,OR,972,
AV4643,CO,800,
VA0040,VA,230,
688218,MN,554,
ND2049,ND,583,CommonSpirit Health
AC0428,TN,370,
AC0425,NV,890,
709153,IL,604,Advocate Health
746447,CA,911,
770695,KY,402,
751212,NY,133,
754744,NY,146,
627449,OH,458,Bon Secours Mercy Health
734385,NV,895,
676806,CA,933,
769179,WA,984,
SD2032,SD,572,
823549,AZ,852,CommonSpirit Health
AQ6120,VA,201,
BA1852,PA,174,
FL0043,FL,327,AdventHealth (FKA Adventist Health System)
TX0362,TX,765,AdventHealth (FKA Adventist Health System)
726246,NC,283,
NC0017,NC,283,Cape Fear Valley Health System (FKA Cumberland County Hospital System)
GA0193,GA,301,
698168,TX,782,
MI2057,MI,480,
WV0050,WV,254,WVU Medicine (AKA West Virginia University Health System)
AN2204,NY,104,
NC0019,NC,283,Cape Fear Valley Health System (FKA Cumberland County Hospital System)
630289,AZ,852,CommonSpirit Health
640850,CO,801,
TX0488,TX,782,
677437,TX,787,
727390,CA,923,
680762,CA,900,
778153,CA,945,
778142,AZ,859,
788524,IA,502,
AG1613,TX,750,
BA0238,NJ,076,
746632,MA,104,
721335,VA,231,Universal Health Services
805439,CA,921,
AX2405,WY,820,
769991,WI,531,
AQ4776,CA,915,
AJ5097,NM,871,
744686,IL,600,
809039,FL,331,
816116,AZ,852,
693371,IL,618,
BB7486,NV,890,
742896,ME,044,
TX0369,TX,765,AdventHealth (FKA Adventist Health System)
CA2642,CA,933,CommonSpirit Health
NY2045,NY,146,Rochester Regional Health System
649278,DE,199,
AT6693,WI,537,
IL2011,IL,619,
715183,NC,274,
821819,PA,152,
FL0328,FL,346,
605755,MT,591,Billings Clinic-Logan Health (AKA Billings Clinic and Logan Health)
MA2038,MA,270,
TX9016,TX,759,CommonSpirit Health
PA0025,PA,191,Jefferson Health
IA2038,IA,516,
MS0073,MS,391,
808469,MD,209,
PA2020,PA,181,St Lukes University Health Network
AO2704,CT,060,
794721,OH,453,
AB5175,GA,300,
SD2024,SD,574,
660415,NE,686,
TX0525,TX,764,Texas Health Resources
813343,AZ,850,
823693,KS,672,
AO9820,TX,774,
AX1143,FL,347,
CO2002,CO,807,Banner Health
NY2256,NY,109,Montefiore Health System (AKA Montefiore Medical Center - Health System)
610802,LA,700,
692555,NY,114,
TX0357,TX,797,
845836,TX,752,
AP3364,CA,935,
NC0302,NC,272,Kaiser Permanente
729595,TX,770,
762662,IL,617,
CA3186,CA,959,
VA0136,VA,246,
AE9795,FL,334,
AI1133,IA,502,
AE2627,WA,985,
690423,PA,195,
611300,TN,373,
AP9373,CA,934,
AH3047,IA,503,
TX0188,TX,764,
753064,AZ,852,
683025,OH,445,
AU4682,MI,482,
AT7945,TX,750,
BA8318,MA,015,
750770,GA,301,Advocate Health
721404,TX,787,Universal Health Services
AE0029,TX,774,
NY0014,NY,100,
BA8269,LA,711,
688772,TN,370,
765314,TX,752,
740241,CA,959,Adventist Health (AKA Adventist Health System/West)
798486,NY,142,Great Lakes Health System of Western New York
770297,NE,681,
821860,PA,166,
685181,FL,330,
800824,TX,752,
723202,VA,220,
MA2007,MA,119,
SD2013,SD,577,
VA0208,VA,236,
AY9632,TN,372,
758923,NC,283,
679662,IA,502,
AQ3904,CA,922,
843981,KS,662,
633535,OK,741,
777416,IA,502,UnityPoint Health (FKA Iowa Health System)
751144,NY,130,
613324,FL,331,
675272,WI,530,Advocate Health
636002,AZ,853,Banner Health
741452,TX,764,
693464,NM,871,
821820,PA,152,
IL2017,IL,618,Carle Health System
VA0127,VA,239,
821837,PA,155,
AC5995,AL,354,
616791,IL,605,
VA0121,VA,241,
KS2054,KS,678,CommonSpirit Health
AE0643,VT,057,
670702,VA,230,
KY0006,KY,400,CommonSpirit Health
OH2276,OH,436,Bon Secours Mercy Health
610990,VA,235,
613851,MN,563,
AF4559,TX,776,
AB7192,AZ,852,
AQ1428,TX,775,
MN2024,MN,564,
778570,IL,623,
NY2371,NY,108,Montefiore Health System (AKA Montefiore Medical Center - Health System)
648267,OR,974,PeaceHealth
701687,NE,681,
AW8701,KY,400,
AB0460,KY,405,
CA2697,CA,953,
FL0226,FL,342,
721207,CA,935,Universal Health Services
749156,FL,333,
632109,CA,918,
TX0238,TX,790,
632039,PA,191,
NC0104,NC,275,
AY6723,KY,405,
FL0271,FL,330,Baptist Health South Florida
CA2677,CA,956,CommonSpirit Health
KY5005,KY,402,
611535,MA,019,
823832,OH,441,
627143,FL,325,
699191,GA,315,
703874,MI,485,
612198,TX,750,
AW0161,FL,330,
AQ4487,PA,185,
AG3004,FL,336,
611778,CA,928,
611575,AZ,852,
NY2255,NY,105,
AJ0893,TX,779,
637311,WY,829,
610793,FL,322,
661150,NV,891,
MI2059,MI,492,Henry Ford Health (FKA Henry Ford Health System)
611103,CA,902,
837045,FL,322,
BC6299,FL,336,
834807,PA,170,University of Pittsburgh Medical Center (AKA UPMC)
767044,OK,740,
777289,NC,288,
762104,SD,571,
730437,PA,191,Jefferson Health
661860,TX,762,Texas Health Resources
AP6355,MO,631,
AQ3695,CA,930,
639103,KY,421,
CO2004,CO,806,Banner Health
NC0097,NC,286,
729560,VA,234,
AD3998,GA,301,
622667,NE,691,
844230,RI,029,
655558,PA,174,
744096,TX,785,
659120,NC,282,
678104,IL,618,
630388,NY,112,NYC Health and Hospitals (FKA New York City Health and Hospitals Corporation)
693885,VA,231,
751162,NY,136,
IA2055,IA,505,UnityPoint Health (FKA Iowa Health System)
817137,NY,134,
AC0414,IL,601,
AJ6386,KS,678,CommonSpirit Health
742131,MI,498,
661625,CA,961,
NE2008,NE,681,CommonSpirit Health
671351,OH,440,University Hospitals Health System
662945,WA,980,
AX8484,CA,959,
BD4774,TX,757,
AB6892,VA,232,
660069,OK,741,
668152,PA,167,Great Lakes Health System of Western New York
800118,ID,837,
729633,IA,503,
839910,TN,373,
AQ0992,FL,337,
845540,LA,707,
MN2019,MN,564,
MA2011,MA,123,Berkshire Health Systems
704263,NY,115,
TX0454,TX,790,
NY2006,NY,142,Great Lakes Health System of Western New York
AI4111,AZ,853,
709352,FL,334,
711397,NY,146,
AQ2839,TX,775,
771064,MD,219,
758790,TX,752,
682981,PA,169,University of Pittsburgh Medical Center (AKA UPMC)
BB5373,SC,296,
AF3493,NY,111,
658413,NC,281,Advocate Health
695920,NH,324,Concord Hospital Health System (FKA Capital Region Health Care)
AE6388,IN,463,
AQ4883,LA,704,
749624,CA,928,
681212,FL,344,
AT3873,AZ,852,
711410,NY,132,
AG0869,OH,441,
AT5094,FL,330,
NC0124,NC,271,Advocate Health
AB3161,CO,802,CommonSpirit Health
AT2419,UT,841,CommonSpirit Health
NY0024,NY,110,Northwell Health (AKA North Shore Long Island Jewish Health System)
AD8201,MI,481,
797563,IN,463,
671729,OR,972,
BC5714,AR,721,
838844,PA,151,
GAO430,GA,303,
AA4028,VA,232,
FL0033,FL,331,Baptist Health South Florida
624608,NJ,770,Hackensack Meridian Health
NM2006,NM,883,
699355,PR,613,Metro Pavia Health System
711374,NY,144,
AV6441,OH,430,
VA0106,VA,232,Bon Secours Mercy Health
729627,WA,992,
819392,IA,512,
IA2054,IA,526,
AP7224,NY,114,
BB6590,FL,347,
BA4437,GA,301,
AO7009,OK,741,
MN2007,MN,553,M Health Fairview (FKA Fairview Health Services)
778938,WA,982,
611475,NJ,088,
AP9077,TX,785,
806492,AR,722,
IA2031,IA,500,
832582,AL,354,
600452,NJ,710,
NY2327,NY,117,Northwell Health (AKA North Shore Long Island Jewish Health System)
AQ1466,FL,328,
743870,OK,741,
SD2031,SD,570,
AD7155,FL,330,
AQ3423,CA,907,
810944,MN,553,
611653,FL,329,
AJ8171,AZ,850,
AV3002,NC,275,
658515,NC,280,Advocate Health
NE2040,NE,687,
BA1393,PA,172,
742585,MN,553,
676710,MS,392,
709157,IL,606,Advocate Health
795416,NJ,885,Hackensack Meridian Health
799320,IL,629,
621542,IL,601,
701267,TN,371,
AD8341,WA,988,
IL2019,IL,601,Northwestern Medicine (AKA Northwestern Memorial Healthcare)
NM2010,NM,878,
821839,PA,152,
610521,NJ,080,
AQ3113,MS,386,
641964,CA,936,Adventist Health (AKA Adventist Health System/West)
NC0161,NC,280,Advocate Health
AP7984,NY,117,
AV2667,CT,061,
682509,FL,336,AdventHealth (FKA Adventist Health System)
828420,FL,330,
633849,TN,382,
740184,AZ,852,
AM3913,MN,562,
OR0002,OR,974,CommonSpirit Health
773300,OH,441,
681923,AR,720,
NC0022,NC,278,
OH2254,OH,444,Bon Secours Mercy Health
804425,PA,180,
729620,CA,958,
634999,OH,437,
AV9128,NY,144,
KY0161,KY,405,
836461,NC,275,
661187,LA,713,
846597,OK,748,
848751,GA,301,
AC3273,LA,712,
BA3018,NJ,076,
AN2302,PA,193,
837803,NY,132,
845684,PA,172,
AP7455,MA,011,
718633,NY,100,
674290,TX,750,
NY5062,NY,115,Northwell Health (AKA North Shore Long Island Jewish Health System)
801352,WV,255,
701111,NY,141,
AQ7957,KS,674,
695917,FL,329,
AQ1164,NC,282,
AQ4086,CA,950,
SC2150,SC,296,
703019,CA,936,
649486,PA,150,
713758,CO,805,
767752,NY,142,
BA8376,TX,761,
BC5931,NC,281,
NY2253,NY,107,
AQ6140,WI,531,
AE2900,TX,752,
TX0464,TX,792,
AZ2002,AZ,852,Banner Health
762130,MD,217,
AA6772,NC,282,
MD0056,MD,217,
AV8700,NM,871,
BD4768,TX,796,
FL0270,FL,346,AdventHealth (FKA Adventist Health System)
738181,LA,707,
AA6297,IN,463,
611033,FL,329,
646299,CT,060,
828776,IL,616,
745288,PA,183,St Lukes University Health Network
611308,ID,836,
847363,TX,770,
AA4498,NV,895,Universal Health Services
765386,LA,704,
IN2016,IN,461,
AE6535,OR,974,
PA5027,PA,194,
MS0207,MS,393,
821537,PA,161,University of Pittsburgh Medical Center (AKA UPMC)
612196,FL,321,
707758,CA,939,
778522,OH,430,
838533,OK,743,
AP0341,TN,381,
WV0086,WV,253,WVU Medicine (AKA West Virginia University Health System)
640477,PA,187,
673995,NY,100,
690505,ND,584,
677133,NE,681,
603197,IL,606,
814813,SC,295,
644418,OH,441,
690176,AR,721,CommonSpirit Health
620102,OH,435,Bon Secours Mercy Health
751165,NY,136,
FL9118,FL,337,
OR2159,OR,978,CommonSpirit Health
AP0317,MS,386,
656558,GA,314,
847022,FL,330,
765791,FL,346,
BB2705,IA,503,
NE2022,NE,686,
IA2034,IA,508,CommonSpirit Health
NM2009,NM,871,
682982,PA,172,
NY2023,NY,115,NYU Langone Health (FKA NYU Langone Medical Center)
742946,PR,009,
PA2196,PA,191,Jefferson Health
729568,PA,190,
TX2425,TX,750,
AE8985,PA,191,
623158,NY,112,
679664,IA,501,
607717,FL,339,
AQ9169,GA,305,
712414,AL,352,
BA2330,IL,610,
721236,GA,303,Universal Health Services
AJ8471,WA,982,
AY7200,TX,760,
833931,NJ,088,
603139,CA,959,
690175,ND,584,CommonSpirit Health
CA2660,CA,941,University of California Health (AKA UC Health-CA)
671772,GA,300,
AP4172,FL,335,
843016,CA,928,
NY2369,NY,110,
626943,NY,100,NYC Health and Hospitals (FKA New York City Health and Hospitals Corporation)
IA2048,IA,506,
AH1803,AR,721,
IA2186,IA,502,
606043,IA,512,
NJ2008,NJ,882,Hackensack Meridian Health
624607,NJ,775,Hackensack Meridian Health
782833,IL,601,Northwestern Medicine (AKA Northwestern Memorial Healthcare)
608958,AL,358,
613118,WV,254,
AQ2949,MI,481,
BB4738,NY,100,
AT1702,PR,009,
NY2326,NY,110,
751390,NY,100,
745743,ND,583,Sisters of Mary of Presentation Health System (AKA SMP Health)
GA0171,GA,314,
610965,OH,452,
AM6478,KY,403,
DE0002,DE,199,
701058,IN,473,
830005,GA,303,
649419,AZ,852,HonorHealth (FKA Scottsdale Lincoln Health Network)
621611,NY,118,
TX0100,TX,792,
726760,NY,116,
AY7946,WA,992,
AW2710,WI,549,
AH9524,IA,502,UnityPoint Health (FKA Iowa Health System)
610646,FL,336,
735874,OH,430,
AF6592,MD,218,
AY3704,OH,450,
AR2049,AR,720,
FL0406,FL,338,
836091,CO,807,
AQ1194,NC,283,
AZ2044,AZ,850,CommonSpirit Health
641641,IL,600,Northwestern Medicine (AKA Northwestern Memorial Healthcare)
751143,NY,136,
AN7319,VA,229,
670280,PR,674,
MD9024,MD,215,
830065,GA,313,
NU2044,NJ,080,
723805,IL,601,Advocate Health
BA2854,NJ,786,
WV0062,WV,268,WVU Medicine (AKA West Virginia University Health System)
NC0068,NC,283,
PA2013,PA,163,
AD9126,FL,342,
AE9842,AL,368,
NY2306,NY,142,
AD4903,WA,988,
MD0002,MD,218,
BA8293,IL,605,
834918,FL,322,
778115,TN,373,
AT2035,CO,800,AdventHealth (FKA Adventist Health System)
AV6101,OH,442,
NE2012,NE,692,
CA2659,CA,933,CommonSpirit Health
759835,TX,774,
727246,NY,104,
AY9055,PA,196,
